INSERT INTO public.roles (id, name) VALUES (1, 'USER');
INSERT INTO public.roles (id, name) VALUES (2, 'ADMIN');

INSERT INTO public.users (id, created_at, updated_at, email, name, password) VALUES (2, '2021-04-06 08:54:03.255000', '2021-04-06 08:54:03.255000', 'hung@abc.com', 'hung', '$2a$10$2mX8RBMwYvuNgP9nRAA22OuQyRf.lynU2f8t7iU3TxkPlhpbRiNXy');
INSERT INTO public.users (id, created_at, updated_at, email, name, password) VALUES (3, '2021-04-06 09:00:46.496000', '2021-04-06 09:00:46.496000', 'chicken@abc.com', 'hung', '$2a$10$WWy8yS6MNCpmy/OksSho1eu5I5YML76jNGZ9Vg1.Nj09E9q30G45G');
INSERT INTO public.users (id, created_at, updated_at, email, name, password) VALUES (4, '2021-04-08 16:32:45.181000', '2021-04-08 16:32:45.181000', 'hung1@abc.com', 'hung', '$2a$10$JcgYQyB3I0PMahwxfovFQ.F/qDwvkfMYcFD63D7Ipz6tqUE5LOmkK');
INSERT INTO public.users (id, created_at, updated_at, email, name, password) VALUES (5, '2021-04-09 15:22:14.805000', '2021-04-09 15:22:14.805000', 'do.tran1@gmail.com', 'Do Tran1', '$2a$10$GK0TLvFJoxt7zB2m0EIDoeBOh9fceqSrDlraA.8bPOZ25BSUyYaAS');
INSERT INTO public.users (id, created_at, updated_at, email, name, password) VALUES (6, '2021-04-09 15:27:16.236000', '2021-04-09 15:27:16.236000', 'do.tran2@gmail.com', 'Do Tran1', '$2a$10$phQz/aGDbniSOKoNf8MWCeo0nlGHzBM4AbN8oh8Idn9U2VnygQuLe');
INSERT INTO public.users (id, created_at, updated_at, email, name, password) VALUES (8, '2021-04-12 11:48:00.812000', '2021-04-12 11:48:00.812000', 'h1@abc.com', 'hung tran', '$2a$10$Vf/f.J.LS.hwNZVnmfOoo.mCvsVI3ORpRsnA8FJ5Y8s04Ipfo7NCe');
INSERT INTO public.users (id, created_at, updated_at, email, name, password) VALUES (9, '2021-04-12 13:22:33.119000', '2021-04-12 13:22:33.119000', 'h2@a.b', 'hung tran', '$2a$10$tlLYzfpkvICMUL4nFxWASe6iwQb7PHZuyhkRY39Jm53AmtUUP8f6C');
INSERT INTO public.users (id, created_at, updated_at, email, name, password) VALUES (11, '2021-04-15 15:04:20.099000', '2021-04-15 15:04:20.099000', 'bangmapleproject1@gmail.com', null, '$2a$10$n/WDC2TFYAh2FzzwuVFRXekMVaRRmJgBsxYK2y1h3QuGHrMQCKLie');
INSERT INTO public.users (id, created_at, updated_at, email, name, password) VALUES (10, '2021-04-13 10:28:22.393000', '2021-04-13 10:28:22.393000', 'bangmapleproject@gmail.com', 'Ngo Nguyen Bang', '$2a$10$RS088oBsfcYcPkom3c/rrufPvC78FagR5c.lLoT724BXseZxzrvDK');
INSERT INTO public.users (id, created_at, updated_at, email, name, password) VALUES (12, '2021-04-16 11:18:13.127000', '2021-04-16 11:18:13.127000', 'bangmapleproject2@gmail.com', null, '$2a$10$44L7oVVTDaaIoFIGc5/BreKrSDnOIutPbHd9Yz9brjY4bK7aayJs.');
INSERT INTO public.users (id, created_at, updated_at, email, name, password) VALUES (13, '2021-04-22 15:41:58.452000', '2021-04-22 15:41:58.452000', 'sti2k.hai.ly@gmail.com', null, '$2a$10$m6XXtxkqKXvTTitym1y3l.HvtoZEi/6/kPfEZ3D6C8/dv3rm50.CG');
INSERT INTO public.users (id, created_at, updated_at, email, name, password) VALUES (14, '2021-04-22 16:09:06.761000', '2021-04-22 16:09:06.761000', 'bangmapleproject3@gmail.com', null, '$2a$10$OHrpWz73eoEn5arKsYmgQuQ/1ff3ZgpOfBj.7gFLxe7rOPuPyTlPu');
INSERT INTO public.users (id, created_at, updated_at, email, name, password) VALUES (15, '2021-04-22 16:09:30.523000', '2021-04-22 16:09:30.523000', 'bangmapleproject4@gmail.com', null, '$2a$10$3u3M0GIcPQ05xLCmi/lX7e8TUdEqWUVircpELjkqUrbVnlxpU9OVm');
INSERT INTO public.users (id, created_at, updated_at, email, name, password) VALUES (1, '2021-04-06 08:53:15.657000', '2021-04-06 08:53:15.657000', 'admin@gmail.com', 'admin', '$2a$10$3u3M0GIcPQ05xLCmi/lX7e8TUdEqWUVircpELjkqUrbVnlxpU9OVm');
INSERT INTO public.users (id, created_at, updated_at, email, name, password) VALUES (7, '2021-04-09 15:58:01.432000', '2021-04-09 15:58:01.432000', 'test@gmail.com', 'Test', '$2a$10$3u3M0GIcPQ05xLCmi/lX7e8TUdEqWUVircpELjkqUrbVnlxpU9OVm');
INSERT INTO public.users (id, created_at, updated_at, email, name, password) VALUES (42, '2021-04-26 08:36:36.545000', '2021-04-26 08:36:36.545000', 'hw@abc.com', null, '$2a$10$QI0nH8acLu9nUrHT3mWCzOjQrC4hDdqVPzVBWoDUt6CLcq9a2XBzK');
INSERT INTO public.users (id, created_at, updated_at, email, name, password) VALUES (43, '2021-04-26 08:44:46.353000', '2021-04-26 08:44:46.353000', 'hs@abc.com', 'aaaa', '$2a$10$t1p.wJTXLcknQEYZE60qZ.Jiz0MoEr4No3IvmtsaLN1SU2ygwFTZe');
INSERT INTO public.users (id, created_at, updated_at, email, name, password) VALUES (44, '2021-04-26 08:46:59.443000', '2021-04-26 08:46:59.443000', 'hk@abc.com', 'aaaa', '$2a$10$TTte6SPsAtyAnkiqJlFKQ.nVLVaDrEeuaruBGpj/FxM.nIuwydvQ6');
INSERT INTO public.users (id, created_at, updated_at, email, name, password) VALUES (45, '2021-04-28 09:59:47.958000', '2021-04-28 09:59:47.958000', 'baohcse141194@gmail.com', 'BanhsBao', '$2a$10$bqIgqWrQfmW.PU6GymUyrudG/SoJQrueY3lJe0q1kVpxmbrd.Q4V.');

INSERT INTO public.users_roles (user_id, role_id) VALUES (4, 1);
INSERT INTO public.users_roles (user_id, role_id) VALUES (6, 1);
INSERT INTO public.users_roles (user_id, role_id) VALUES (8, 1);
INSERT INTO public.users_roles (user_id, role_id) VALUES (9, 1);
INSERT INTO public.users_roles (user_id, role_id) VALUES (11, 2);
INSERT INTO public.users_roles (user_id, role_id) VALUES (12, 2);
INSERT INTO public.users_roles (user_id, role_id) VALUES (13, 1);
INSERT INTO public.users_roles (user_id, role_id) VALUES (14, 2);
INSERT INTO public.users_roles (user_id, role_id) VALUES (15, 1);
INSERT INTO public.users_roles (user_id, role_id) VALUES (2, 2);
INSERT INTO public.users_roles (user_id, role_id) VALUES (3, 1);
INSERT INTO public.users_roles (user_id, role_id) VALUES (5, 2);
INSERT INTO public.users_roles (user_id, role_id) VALUES (10, 1);
INSERT INTO public.users_roles (user_id, role_id) VALUES (1, 2);
INSERT INTO public.users_roles (user_id, role_id) VALUES (7, 1);
INSERT INTO public.users_roles (user_id, role_id) VALUES (42, 2);
INSERT INTO public.users_roles (user_id, role_id) VALUES (43, 1);
INSERT INTO public.users_roles (user_id, role_id) VALUES (44, 2);
INSERT INTO public.users_roles (user_id, role_id) VALUES (45, 1);

INSERT INTO public.employeesdetails (id, address, bank_account, bank_name, birth_day, cell_phone, contracted_date, degree, department, employeeid, full_name, gender, id_number, insurance_book_no, issue_date, job_title, major, manager, married_status, place_of_birth, race, religion, start_date, taxid, image) VALUES (1, 'Thủ Đức', 291000123456, 'Vietcombank', '1988-01-01 08:53:15.657000', 905078789, '2011-04-06 08:53:15.657000', 'ĐH Khoa Học Tự Nhiên', 'EPG', 6666, 'Ly Van Hai', 'Male', 230564789, 7910266230, '2003-04-06 08:53:15.657000', 'Sr. Software Developer', null, null, 'Single', 'Kiên Giang', 'Kinh', 'Không', '2011-02-01 08:53:15.657000', 6079365235, '1_7e30e8790c034ed79d1fcebd8a46a8e2.png');
INSERT INTO public.employeesdetails (id, address, bank_account, bank_name, birth_day, cell_phone, contracted_date, degree, department, employeeid, full_name, gender, id_number, insurance_book_no, issue_date, job_title, major, manager, married_status, place_of_birth, race, religion, start_date, taxid, image) VALUES (7, 'Quận 1', 291000123462, 'Citibank', '1984-01-01 08:53:15.657000', 905078789, '2015-04-06 08:53:15.657000', 'ĐH Sư Phạm Kỹ Thuật', 'EPG', 6607, 'Lê Văn Tết 123', 'Male', 230564795, 7910266236, '2013-04-06 08:53:15.657000', 'Sr. Software Developer', 'Marketing', null, 'Single', 'Quảng Bình', 'Kinh', 'Không', '2017-02-01 08:53:15.657000', 6079365237, '7_d63a5601c5a041ed97bfad3f20f7a74a.png');
INSERT INTO public.employeesdetails (id, address, bank_account, bank_name, birth_day, cell_phone, contracted_date, degree, department, employeeid, full_name, gender, id_number, insurance_book_no, issue_date, job_title, major, manager, married_status, place_of_birth, race, religion, start_date, taxid, image) VALUES (2, 'Tân Bình', 291000123457, 'Techcombank', '1989-01-01 08:53:15.657000', 905078790, '2010-04-06 08:53:15.657000', 'ĐH Khoa Học Tự Nhiên', 'EPG', 6666, 'Tran Minh Hung', 'Male', 230564790, 7910266231, '2002-04-06 08:53:15.657000', 'Sr. Software Developer', null, null, 'Single', 'Tiền Giang', 'Kinh', 'Không', '2012-02-01 08:53:15.657000', 6079365335, null);
INSERT INTO public.employeesdetails (id, address, bank_account, bank_name, birth_day, cell_phone, contracted_date, degree, department, employeeid, full_name, gender, id_number, insurance_book_no, issue_date, job_title, major, manager, married_status, place_of_birth, race, religion, start_date, taxid, image) VALUES (3, 'Tân Phú', 291000123458, 'TPBank', '1990-01-01 08:53:15.657000', 905078791, '2009-04-06 08:53:15.657000', 'ĐH Khoa Học Tự Nhiên', 'EPG', 6603, 'Le Xuan Hung', 'Male', 230564791, 7910266232, '2001-04-06 08:53:15.657000', 'Sr. Software Developer', null, null, 'Single', 'Bến Tre', 'Kinh', 'Không', '2013-02-01 08:53:15.657000', 6079365435, null);
INSERT INTO public.employeesdetails (id, address, bank_account, bank_name, birth_day, cell_phone, contracted_date, degree, department, employeeid, full_name, gender, id_number, insurance_book_no, issue_date, job_title, major, manager, married_status, place_of_birth, race, religion, start_date, taxid, image) VALUES (4, 'Phú Nhuận', 291000123459, 'PVCombank', '1987-01-01 08:53:15.657000', 905078792, '2012-04-06 08:53:15.657000', 'ĐH Bách Khoa', 'EPG', 6604, 'Trinh Minh Hai', 'Male', 230564792, 7910266233, '2000-04-06 08:53:15.657000', 'Sr. Software Developer', null, null, 'Single', 'Trà Vinh', 'Kinh', 'Không', '2014-02-01 08:53:15.657000', 6079365535, null);
INSERT INTO public.employeesdetails (id, address, bank_account, bank_name, birth_day, cell_phone, contracted_date, degree, department, employeeid, full_name, gender, id_number, insurance_book_no, issue_date, job_title, major, manager, married_status, place_of_birth, race, religion, start_date, taxid, image) VALUES (5, 'Hóc Môn', 291000123460, 'Sacombank', '1986-01-01 08:53:15.657000', 905078793, '2013-04-06 08:53:15.657000', 'ĐH Bách Khoa', 'EPG', 6605, 'Trần Quang Đô', 'Male', 230564793, 7910266234, '2005-04-06 08:53:15.657000', 'Sr. Software Developer', null, null, 'Single', 'Quảng Ngãi', 'Kinh', 'Không', '2015-02-01 08:53:15.657000', 6079365635, null);
INSERT INTO public.employeesdetails (id, address, bank_account, bank_name, birth_day, cell_phone, contracted_date, degree, department, employeeid, full_name, gender, id_number, insurance_book_no, issue_date, job_title, major, manager, married_status, place_of_birth, race, religion, start_date, taxid, image) VALUES (6, 'Quận 12', 291000123461, 'ACB', '1985-01-01 08:53:15.657000', 905078794, '2014-04-06 08:53:15.657000', 'ĐH Bách Khoa', 'EPG', 6606, 'Trần Hữu Đô', 'Male', 230564794, 7910266235, '2008-04-06 08:53:15.657000', 'Sr. Software Developer', null, null, 'Single', 'Quảng Nam', 'Kinh', 'Không', '2016-02-01 08:53:15.657000', 6079365236, null);
INSERT INTO public.employeesdetails (id, address, bank_account, bank_name, birth_day, cell_phone, contracted_date, degree, department, employeeid, full_name, gender, id_number, insurance_book_no, issue_date, job_title, major, manager, married_status, place_of_birth, race, religion, start_date, taxid, image) VALUES (8, 'BÌnh Thạnh', 291000123463, 'Shinhanbank', '1983-01-01 08:53:15.657000', 905078789, '2016-04-06 08:53:15.657000', 'ĐH Sư Phạm Kỹ Thuật', 'EPG', 6608, 'Bùi Văn Minh', 'Male', 230564796, 7910266237, '2012-04-06 08:53:15.657000', 'Sr. Software Developer', null, null, 'Single', 'Gia Lai', 'Kinh', 'Không', '2018-02-01 08:53:15.657000', 6079365236, null);
INSERT INTO public.employeesdetails (id, address, bank_account, bank_name, birth_day, cell_phone, contracted_date, degree, department, employeeid, full_name, gender, id_number, insurance_book_no, issue_date, job_title, major, manager, married_status, place_of_birth, race, religion, start_date, taxid, image) VALUES (10, 'Quận 9', 291000123465, 'Vietcombank', '1981-01-01 08:53:15.657000', 905078789, '2018-04-06 08:53:15.657000', 'ĐH Sư Phạm Kỹ Thuật', 'EPG', 6610, 'Ngô Nguyên Bằng', 'Male', 230564798, 7910266239, '2010-04-06 08:53:15.657000', 'Sr. Software Developer', null, null, 'Single', 'TP. Hồ Chí Minh', 'Kinh', 'Không', '2021-02-01 08:53:15.657000', 6079365239, null);
INSERT INTO public.employeesdetails (id, address, bank_account, bank_name, birth_day, cell_phone, contracted_date, degree, department, employeeid, full_name, gender, id_number, insurance_book_no, issue_date, job_title, major, manager, married_status, place_of_birth, race, religion, start_date, taxid, image) VALUES (9, 'Quận 2', 291000123464, 'Dong A', '1982-01-01 08:53:15.657000', 905078789, '2017-04-06 08:53:15.657000', 'ĐH Sư Phạm Kỹ Thuật', 'EPG', 0, 'Bùi Tony123', 'Male', 230564797, 7910266238, '2011-04-06 08:53:15.657000', 'Sr. Software Developer', null, null, 'Single', 'Bình Định', 'Kinh', 'Không', '2019-02-01 08:53:15.657000', 6079365238, null);

